name,nugget,sill,range
linear,0.0,53.4027734375,21428.571428571428
