name,nugget,sill,range
spherical,0.0031058025931174804,53.4027734375,32516.129032258064
