name,nugget,sill,range
linear,12.244640305041026,490.4940934242805,0.08741935483870968
