{"name": "spherical", "nugget": 0.0, "range": 130648.4129328959, "sill": 185.0426369297824, "direction": null}