name,nugget,sill,range,model_error
spherical,21.94248181673516,171.27273206056609,136666.6666666667,1.3379168256582328
