name,nugget,sill,range,model_error
spherical,15.052376027934582,171.27273206056609,136666.6666666667,2.8868309968918786
