name,nugget,sill,range,model_error
linear,0,206.66909668641642,80000.0,0.11788077001853081
