{"name": "spherical", "nugget": 0, "range": 130648.4129328959, "sill": 179.37806641152372, "direction": 0}