{"name": "spherical", "nugget": 20, "range": 130648.4129328959, "sill": 174.65672931785642}