{"name": "cubic", "nugget": 0, "range": 130648.4129328959, "sill": 172.88498285525492}