name,nugget,sill,range,model_error
linear,12.244640305041026,490.4940934242805,0.08741935483870968,48.50681249727663
