{"name": "cubic", "nugget": 0, "range": 12335.489979757927, "sill": 489.8203263077297, "direction": null}