{"name": "linear", "nugget": 0, "range": 8990.27235812866, "sill": 489.8203263077297, "direction": null}