{"name": "cubic", "nugget": 0, "range": 12494.786056978368, "sill": 489.8203263077297, "direction": 0}