name,nugget,sill,range
spherical,0.0031056126374599826,53.4027734375,24258.06451612903
