name,nugget,sill,range
spherical,0.0030378042978790394,53.4027734375,27142.85714285714
