name,nugget,sill,range,model_error
linear,12.90411723119603,171.27273206056609,110000.0,4.902669921972367e-07
