name,nugget,sill,range
linear,0.0,105.32523501893516,0.5483870967741935
