name,nugget,sill,range
spherical,12.244640305041026,490.4940934242805,0.13199999999999998
