name,nugget,sill,range
spherical,28.83285709821416,490.4940934242805,0.13199999999999998
