name,nugget,sill,range,model_error
linear,0,591.8628727319651,0.107,31.131913952336667
