{"name": "spherical", "nugget": 0, "range": 130648.4129328959, "sill": 182.50074672661952}